nombre,direccion
Skiles-Kozey,6749 Dennis Trail
Hermann Inc,312 Dottie Road
Kuvalis Group,20625 Hazelcrest Court
"Hermiston, Greenfelder and Brekke",8626 Nova Crossing
Conn Group,17974 Katie Parkway
Jenkins Inc,7 Buhler Junction
"Mante, Lockman and O'Hara",3019 Center Alley
Breitenberg-Hamill,86 Old Gate Trail
"Purdy, Cronin and Bednar",401 Atwood Circle
Shields-Schuster,7608 3rd Alley
Auer Inc,46011 Iowa Place
"Shanahan, Kirlin and Ferry",6229 Spohn Avenue
Reinger and Sons,51151 Susan Center
Smitham Inc,59 Lien Pass
Upton-Bode,6 Lerdahl Point
Braun-Wilkinson,37625 Northwestern Parkway
Hilll-Effertz,03 Swallow Circle
Hettinger and Sons,8 Brown Plaza
Stanton-Kohler,7 Brown Alley
Tremblay LLC,79906 Golf Circle
"Rempel, Shields and Welch",2 Tomscot Alley
Abernathy Inc,8687 East Trail
"Ondricka, Fisher and Koss",5 Thackeray Plaza
Konopelski-Ferry,9046 Mayer Way
Keebler and Sons,6 Westport Hill
"Gusikowski, Kuphal and Effertz",27598 Forest Run Hill
O'Conner-MacGyver,39 Merry Road
Deckow Inc,535 Declaration Street
Jerde and Sons,91619 Bluestem Parkway
"Altenwerth, Klocko and Bahringer",32410 Emmet Junction
Quitzon LLC,3 Meadow Valley Parkway
Huels LLC,277 Monterey Crossing
Dare-Durgan,07225 Pepper Wood Terrace
"Kris, Erdman and Stracke",170 Swallow Drive
Stokes-Pagac,61 Jackson Circle
Gleason Inc,96 Pankratz Junction
Quigley-Goyette,5089 Monument Junction
O'Hara Group,587 Browning Center
Rohan-Reilly,2409 Shelley Avenue
Beier-White,7732 Karstens Point
"Dietrich, Lind and Huel",863 Brickson Park Drive
Effertz Inc,3654 Park Meadow Plaza
"Jenkins, Prosacco and Schmeler",02 Charing Cross Junction
"Bogan, Rosenbaum and Shanahan",0166 Pepper Wood Crossing
Balistreri-Hermiston,8 Prairieview Street
"Boyer, Boehm and Hand",00835 Kipling Street
Becker Inc,3845 Corben Park
White and Sons,204 Twin Pines Drive
Cartwright-Lowe,7 Claremont Pass
"Huel, Stark and Olson",69873 Dexter Pass
Ebert and Sons,661 Vermont Avenue
Herzog and Sons,07445 Coolidge Road
"Price, Ortiz and Simonis",06 Lindbergh Center
Kuvalis LLC,05 Bonner Trail
Kuphal-Mosciski,0409 Michigan Crossing
Ankunding Inc,668 Namekagon Court
Hahn Group,67386 Starling Court
Ebert and Sons,85628 6th Crossing
Jacobson Inc,512 Straubel Place
"Bashirian, Prosacco and Crona",90 Acker Junction
Sporer Inc,48 Lindbergh Way
Huels Inc,3 Knutson Point
"Johnston, Mueller and Von",440 Emmet Junction
Herzog-Willms,6372 Mandrake Crossing
Barton-Wehner,55963 Porter Plaza
"Christiansen, Collins and Murazik",26163 Kim Drive
"Schulist, Stroman and Stanton",8317 Clove Lane
"Gaylord, Welch and Murray",3 Hermina Plaza
Ratke-Franecki,12 Namekagon Street
"Schimmel, McClure and Reynolds",00 Helena Plaza
Huel-Mann,11 Grover Center
Green-Reichel,01165 Browning Street
"Pouros, Tillman and Okuneva",5 Surrey Junction
Pacocha Group,885 Gerald Road
Miller and Sons,469 Ludington Park
Koepp-Hoppe,23292 Towne Lane
Stracke-Bernier,821 Northwestern Center
Gusikowski-Dare,5681 Larry Hill
Hoeger-Farrell,77 Hoepker Park
Senger Inc,0755 Memorial Way
Treutel and Sons,7 Luster Junction
Marks Inc,659 Maryland Center
"Bosco, Jaskolski and Mosciski",5 Hayes Point
Boehm LLC,96998 Debra Court
Hammes-Wiegand,3751 Hovde Pass
"Kautzer, Koepp and Predovic",1 Clove Plaza
"Hamill, Sauer and Lueilwitz",3 Toban Place
"Kihn, Leuschke and Hessel",424 Veith Way
Jacobi and Sons,48 Merchant Parkway
Bailey-Greenfelder,75538 Clove Drive
Trantow-Quigley,72 Riverside Plaza
"Emard, Goyette and Heller",239 Havey Place
"Kling, Wolf and Trantow",663 Arapahoe Alley
Marvin-Wintheiser,3 6th Point
"MacGyver, Auer and Kohler",73497 Northview Circle
"Kuphal, Waelchi and Dickens",403 Trailsway Point
Parisian-Littel,632 Hintze Way
Conn-Hills,37 Fallview Junction
"Ryan, Hansen and Wiza",2 Lukken Trail
"Emard, Gleason and Metz",4 Birchwood Way
